feature,Age,Height,Weight,FCVC,NCP,CH2O,FAF,TUE
Age,1.0,-0.00172605476862739,0.3058189968639256,0.052303098893488775,-0.045648087008492225,-0.008924360036274543,-0.17961889607591727,-0.2970340014840123
Height,-0.00172605476862739,1.0,0.4610777670328161,-0.037854011064999506,0.24360136004893013,0.2116216809307544,0.29574004093068074,0.051410853237355114
Weight,0.3058189968639256,0.4610777670328161,1.0,0.21616351201688508,0.10702151090250625,0.20089325186578827,-0.053191348857886095,-0.07299415041416482
FCVC,0.052303098893488775,-0.037854011064999506,0.21616351201688508,1.0,0.04178838865782301,0.069281700654167,0.017577484848137374,-0.10288751741770112
NCP,-0.045648087008492225,0.24360136004893013,0.10702151090250625,0.04178838865782301,1.0,0.0569010400166133,0.12888167186087518,0.03563392881467466
CH2O,-0.008924360036274543,0.2116216809307544,0.20089325186578827,0.069281700654167,0.0569010400166133,1.0,0.16882750462518809,0.01286532864692241
FAF,-0.17961889607591727,0.29574004093068074,-0.053191348857886095,0.017577484848137374,0.12888167186087518,0.16882750462518809,1.0,0.055682801241461966
TUE,-0.2970340014840123,0.051410853237355114,-0.07299415041416482,-0.10288751741770112,0.03563392881467466,0.01286532864692241,0.055682801241461966,1.0
