component,explained_variance_ratio
PC1,0.22778483893242024
PC2,0.19443424142205826
