criterion,cv_accuracy_mean,cv_accuracy_std,test_accuracy,n_leaves
entropy,0.941839762611276,0.011507845358851828,0.9597156398104265,79
log_loss,0.941839762611276,0.011507845358851828,0.9597156398104265,79
gini,0.9240356083086054,0.011039213790942564,0.9289099526066351,101
