modelo,cv_accuracy_mean,cv_accuracy_std,test_accuracy,f1_w,fit_time_s
Extra Trees,0.916320474777448,0.02050700598595965,0.9265402843601895,0.9277147925459452,0.1174001539911842
